프로젝트 기본 정보,,,,참여자(이름),이가영
수업분류,Brand Management,,,참여자(학번),2019286036
"태그
(선택지에서만 고를것)",표기되는 태그 (필수),,숨겨진 태그 (선택),,
,Branding,,,,
프로젝트 타이틀,돛,,,,
슬로건,빛을 향해 함께,,,,
상세설명,돛 브랜드는 혼자서 신앙생활을 하는 SBNR 크리스천을 타겟으로 그들이 고립된 신앙을 가지는 것이 아닌 공동체로 나아올 수 있는 연결다리를 만들어주며 나눔을 통해 교회 안에서의 연합 관계를 이룰 수 있도록 도움을 주는 브랜드이다.,,,,
프로젝트 상세페이지 구성,,,,,
종류,내용1,내용2,,,
image,test1.png,,,,
text_1,Project Background,,,,
image,test2.png,,,,
text_1,Brand Story,,,,
image,test3.png,,,,
link,프로토타입 링크,,,,
image,test1.png,,,,