프로젝트 기본 정보,,,,참여자(이름),김경은
수업분류,Brand Management,,,참여자(학번),2020820005
"태그
(선택지에서만 고를것)",표기되는 태그 (필수),,숨겨진 태그 (선택),,
,Branding,,Graphic,,
프로젝트 타이틀,올디너리필름,,,,
슬로건,일상 속 필름의 모든 것,,,,
상세설명,필름 카메라는 스마트폰과 경쟁에 밀리면서 고사 위기까지 놓였지만 2010년대 중후반부터 아날로그 열풍이 다시 불면서 다시 주목받고 있습니다. 이 가운데 MZ세대 중심으로 수요가 늘면서 모처럼 시장을 회복하는 분위기에 필름 카메라가 생소하여 접근하기 어렵거나 필름을 현상하고 인화하는 과정에서 불편함을 겪는 사람들을 위한 친근한 필름 현상소 브랜드입니다.,,,,
프로젝트 상세페이지 구성,,,,,
종류,내용1,내용2,,,
text_1,Background,,,,
image,test1.jpg,,,,
text_1,Process,,,,
image,test2.jpg,,,,
image,test3.jpg,,,,
image,test4.jpg,,,,
image,test5.jpg,,,,
text_1,Outcome,,,,
image,test6.jpg,,,,
text_2,,Poster,,,
image,test7.jpg,,,,
text_2,,Application form,,,
image,test8.jpg,,,,
text_2,,Print acceptance notice,,,
image,test9.jpg,,,,
text_2,,Package,,,
image,test10.jpg,,,,
image,test11.jpg,,,,