프로젝트 기본 정보,,,,참여자(이름),임서희
수업분류,Brand Management,,,참여자(학번),2016286046
"태그
(선택지에서만 고를것)",표기되는 태그 (필수),,숨겨진 태그 (선택),,
,Branding,,Branding,,
프로젝트 타이틀,시간식당,,,,
슬로건,더미,,,,
상세설명,더미더미더미더미더미더미더미더미더미더미더미더미더미더미더미더미더미더미더미더미더미더미더미더미더미더미더미더미더미더미더미더미,,,,
프로젝트 상세페이지 구성,,,,,
종류,내용1,내용2,,,
text_1,더미,,,,
image,bm1.png,,,,
text_2,더미,더미,,,
image,bm2.png,,,,
text_2,더미,더미,,,
image,bm3.png,,,,