프로젝트 기본 정보,,,,참여자(이름),이주희
수업분류,Brand Management,,,참여자(학번),2018286040
"태그
(선택지에서만 고를것)",표기되는 태그 (필수),,숨겨진 태그 (선택),,
,Branding,,Graphic,,
프로젝트 타이틀,방실방실,,,,
슬로건,"Nice to knit you! 손뜨개 브랜드, 방실방실",,,,
상세설명,"방실방실은 과거 동네 한구석의 사랑방이었던 뜨개방을 현대화한 새로운 형태의 손뜨개 브랜드입니다. 
뜨개방의 근본적인 역할이었던 상점을 넘어 뜨개 경험과 노하우를 전수받을 수 있는 배움터의 역할을 강화하여 
사용자에게 보다 즐거운 뜨개 생활을 제공합니다.",,,,
프로젝트 상세페이지 구성,,,,,
종류,내용1,내용2,,,
text_1,Brand Introdution,,,,
image,bmlogo.gif,,,,
image,bmbi1.png,,,,
image,bmbi2.png,,,,
text_1,Identity,,,,
image,bmid1.png,,,,
image,bmid2.png,,,,
text_2,방실방실 사계절,"방실방실 사계절은 ‘어떻게 일 년간 즐겁게 뜨개를 지속할 수 있을까?’ 하는 고민에서 탄생했습니다.
일 년간 매월 다른 뜨개를 즐길 수 있는 방실방실만의 뜨개 패키지로
매월 다른 테마와 제품으로 구성되어 여러 뜨개 경험을 할 수 있습니다.",,,
image,bmbf1.png,,,,
image,bmbf2.png,,,,
image,bmbf3.png,,,,
image,bmbf4.png,,,,
image,bmbf5.png,,,,
image,bmbf6.png,,,,
image,bmbf7.png,,,,
image,bmbf8.png,,,,
image,bmbf9.png,,,,
image,bmbf10.png,,,,
text_2,오늘 뜨는 이야기,"오늘 뜨는 이야기는 방실방실 사계절과 연동하여 사용할 수 있는 다이어리입니다. 일년 간의 뜨개 기록을 할 수 있으며, 뜨개인들의 뜨개를 도울 수 있는 섹션도 포함되어 있어
뜨개가 한번하고 마는 취미가 아닌, 지속하며 즐길 수 있도록 돕습니다.",,,
image,bmda1.png,,,,
image,bmda2.png,,,,
image,bmda3.png,,,,
image,bmda4.png,,,,
image,bmda5.png,,,,
text_2,방실방실 아카이빙 웹,방실방실 사계절의 도안이 아카이빙 된 웹 페이지입니다.,,,
youtube,U463ajah5wo,,,,
image,bmweb1.png,,,,
image,bmweb2.png,,,,
link,방실방실,웹링크,,,