프로젝트 기본 정보,,,,참여자(이름),김나경
수업분류,Brand Management,,,참여자(학번),2020820006
"태그
(선택지에서만 고를것)",표기되는 태그 (필수),,숨겨진 태그 (선택),,
,Branding,,Graphic,,
프로젝트 타이틀,SEEICK,,,,
슬로건,Your Emotions Matter,,,,
상세설명,"SEEICK은 감정을 위한 새로운 약국입니다. 바쁘게 돌아가는 사회 속에서 자신의 감정에 소홀해진 오늘날, 잊혀진 감정의 가치를 조명합니다. 우리는 감정을 위한 새로운 약국이 되어, 일상 속 작은 부분에 깊은 다정과 공감을 담아 마음을 위한 처방을 디자인하는 문구 소품 브랜드입니다. ",,,,
프로젝트 상세페이지 구성,,,,,
종류,내용1,내용2,,,
image,image1.jpg,,,,
image,image2.jpg,,,,
image,image3.jpg,,,,
image,image4.jpg,,,,