프로젝트 기본 정보,,,,참여자(이름),조재희
수업분류,Brand Management,,,참여자(학번),2018286059
"태그
(선택지에서만 고를것)",표기되는 태그 (필수),,숨겨진 태그 (선택),,
,Graphic,,Editorial,,
프로젝트 타이틀,Sheer Sheering Tea,,,,
슬로건,Bring you into the Flow,,,,
상세설명,"‘Sheer Sheering Tea’는 찻잎 점술을 통해 얻고자 하는 목적과 결과에 초점을 둔 것이 아닌 과정 몰입에 초점을 두고 있습니다. 기존의 찻잎 점술의 형식을 바꿔, 찻잎 점술을 하기 위해 차를 마시는 과정부터 활동지를 작성하며 다양한 활동들을 함께 하고 쌍방향적 소통을 통해 찻잎 점술의 과정 자체를 몰입하고자 합니다.  
함께 몰입의 여정을 즐겨주세요.",,,,
프로젝트 상세페이지 구성,,,,,
종류,내용1,내용2,,,
image,로고,,,,
image,작업 전시 사진,,,,
text_1,헤드 텍스트,,,,
text_2,추가 설명,,,,
image,편집물 사진,,,,
image,오브제 사진,,,,