프로젝트 기본 정보,,,,참여자(이름),김다현
수업분류,Brand Management,,,참여자(학번),2020820007
"태그
(선택지에서만 고를것)",표기되는 태그 (필수),,숨겨진 태그 (선택),,
,Branding,,,,
프로젝트 타이틀,포던1897,,,,
슬로건,잊지말아야 할 공간,,,,
상세설명,"포던1897은 근대 역사 속으로 들어가 과거와 소통하는 경험을 돕는 브랜드입니다. 목포근대역사문화공간은 일제강점기 아픈 역사를 느낄 수 있는 공간입니다. 도시개발로 곳곳의 역사가 사라지고 있는 현재, 역사 보존을 위해서는 우리의 관심이 필요합니다. 브랜드 경험자와 소통을 통해 역사를 잊지않고 미래와 연결을 기대합니다.",,,,
프로젝트 상세페이지 구성,,,,,
종류,내용1,내용2,,,
youtube,GqGZkbTdiw8?si=CfPHp2EVnrBfFyaa,,,,
text_1,Project Background,,,,
image,bm1.jpg,,,,
text_1,Project Process,,,,
text_2,Brand stroy,,,,
image,bm2.jpg,,,,
text_2,Brand Identity,,,,
image,bm3.jpg,,,,
image,bm4.jpg,,,,
text_1,Outcome,,,,
image,bm5.jpg,,,,