프로젝트 기본 정보,,,,참여자(이름),김해정
수업분류,Brand Management,,,참여자(학번),2020820022
"태그
(선택지에서만 고를것)",표기되는 태그 (필수),,숨겨진 태그 (선택),,
,Branding,,Graphic,,
프로젝트 타이틀,사랑도 일종의 병인가요,,,,
슬로건,아는 관찰을 따라가지 마시오,,,,
상세설명,"<사랑도 일종의 병인가요>는 사랑의 한 사이클을 주제로 사랑에 대한 고찰을 담은 전시이다. 2023년에 사랑을 한, 사랑을 하고 있는, 사랑을 할 예정인 참가자들의 진중한 고찰과 그들만의 시각적 표현을 통해 사랑에 대한 개인의 생각을 정리해보고자 한다. 

프로젝트는 사랑의 찬란하지만 고통스러운, 역설적인 면들에 집중한다. 또 그것에 대한 고찰과 기록을 하는 과정을 통해 개인이 온전한 사랑을 할 수 있도록 한다.",,,,
프로젝트 상세페이지 구성,,,,,
종류,내용1,내용2,,,
text_1,Project Background,,,,
image,BMbackground,,,,
text_1,Process,,,,
image,BMprocess,,,,
text_1,Outcome,,,,
image,BMoutcome,,,,
youtube,S0nrC-P4ynE,,,,
link, Behance Link,https://www.behance.net/cyclone7531ea9,,,