프로젝트 기본 정보,,,,참여자(이름),박미진
수업분류,Brand Management,,,참여자(학번),2020820027
"태그
(선택지에서만 고를것)",표기되는 태그 (필수),,숨겨진 태그 (선택),,
,Branding,,Illustration,,
프로젝트 타이틀,책부기 리뷰기,,,,
슬로건,책에 있는 유용한 지식을 친근하게 제공하는 책 리뷰 만화 & 캐릭터 브랜드,,,,
상세설명,"20대 청년들이 책을 친근하게 느낄 수 있도록 기획한 브랜드입니다.
귀여운 거북이 캐릭터를 내세워 스토리텔링이 담긴 만화를 SNS에 주 2회 연재합니다.
하나는 책을 리뷰하는 <책부기 리뷰기> 만화 본편이며, 다른 하나는 보너스 만화로 독서 공감 요소, 정보 등을 짧게 다룹니다.
",,,,
프로젝트 상세페이지 구성,,,,,
종류,내용1,내용2,,,
text_1,Project Background,,,,
image,image1.jpg,,,,
text_3,"20대 독서량은 코로나19 이후에 증가하고 있는 추세였습니다. 하지만 주변 20대들로부터 직접 설문 조사한 결과, 평균을 끌어 올리는 존재는  '소수'의 다독가라는 사실을 깨달았습니다.",,,,
image,"
image2.jpg
",,,,
text_3,"책을 친근하게 다룰 수 있는 콘텐츠를 고려한 결과, '책'과 '만화'를 결합해 IP를 제작했습니다. 
책을 많이 읽는 사람에게는 공감에서 오는 재미를 불러 일으키고, 책을 읽지 않거나 적게 읽는 사람에게는 만화에 책 내용을 요약함으로써 쓸데있는 얕은 지식을 전파하면서 책을 추천하는 것이 주목적입니다.",,,,
text_1,Project Process,,,,
image,character1.jpg,,,,
image,character2.jpg,,,,
text_1,Outcome,,,,
image,goodz1.jpg,,,,
link,인스타그램,https://www.instagram.com/chack_boogi/,,,
link,네이버 도전만화,https://comic.naver.com/challenge/list?titleId=812906&week=,,,