프로젝트 기본 정보,,,,참여자(이름),전미애
수업분류,Brand Management,,,참여자(학번),2020820071
"태그
(선택지에서만 고를것)",표기되는 태그 (필수),,숨겨진 태그 (선택),,
,Branding,,Graphic,,
프로젝트 타이틀,PAGE.,,,,
슬로건,"Join the page for the experience of paper books anytime, anywhere.",,,,
상세설명,"페이지는 독자에게 더 나은 종이책의 경험을 선사합니다. 페이지는 독자가 문장에 빠져들어 소설을 체험하고 느끼며 즐거움을 찾는 것을 목표로 합니다. 페이지와 함께 언제 어디서든 소설에 몰입해보세요.
Our page gives readers a better experience of paper books. PAGE aims for the reader to indulge in sentences and experience, feel, and find pleasure in novels. Immerse yourself in a novel anytime, anywhere with PAGE.",,,,
프로젝트 상세페이지 구성,,,,,
종류,내용1,내용2,,,
text_1,Project Background,,,,
image,image_1,,,,
image,image_2,,,,
youtube,6d9v8g4pEaM?si=i_W-J3ekY_m7B_nL,,,,