프로젝트 기본 정보,,,,참여자(이름),김지은
수업분류,Brand Management,,,참여자(학번),2019286011
"태그
(선택지에서만 고를것)",표기되는 태그 (필수),,숨겨진 태그 (선택),,
,Branding,,Branding,,
프로젝트 타이틀,담소집,,,,
슬로건,웃음꽃이 핀 집으로 돌아가요,,,,
상세설명,"담소집은 관계의 담을 웃음꽃으로 따뜻하게 소통하는 가족사진상담소입니다.
벽돌에 붙어 올라가는 꽃은 서로 이어지고 붙어 올라가 하나의 특별한 꽃 담장을 만들어갑니다.
이처럼 우리는 과거와 현재를 잇고 끊겼던 관계를 연결합니다.
서로를 알아가는 문답과 과거의 가족사진을 현재에 재현하는 촬영으로 
추억을 상기시키고 웃음을 유발해 관계의 유대감을 증진시킵니다.
따뜻하게 연결된 우리 집만의 꽃 담장을 만들어 나가보세요.",,,,
프로젝트 상세페이지 구성,,,,,
종류,내용1,내용2,,,
text_1,Project Background,,,,
image,bm1.jpg,,,,
text_1,Project Process,,,,
image,bm2.jpg,,,,
image,bm3.jpg,,,,
text_1,Out Come,,,,
image,bm4.jpg,,,,
image,bm5.jpg,,,,