프로젝트 기본 정보,,,,참여자(이름),염혜미
수업분류,Brand Management,,,참여자(학번),2018286070
"태그
(선택지에서만 고를것)",표기되는 태그 (필수),,숨겨진 태그 (선택),,
,Branding,,Branding,,
프로젝트 타이틀,고롱고롱,,,,
슬로건,반려동물들의 심신안정과 건강을 챙긴다,,,,
"상세설명
(공백포함 200자 이내)","반려동물의 아로마테라피 패키지와 마사지법을 공유함으로써 
집에서도 손쉽게 반려동물의 심신안정, 건강체크,
반려동물에 온전히 집중하는 시간을 가짐으로써 이들과의 유대 또한 더욱
단단하게 쌓아갈 수 있는 방법을 찾아낸다.",,,,
,,,,,
종류,내용1,내용2,,,
vimeo,,,,,
youtube,,,,,
text_1,,,,,
image,,,,,
text_2,,,,,
image,,,,,
image,,,,,
link,,,,,
link,,,,,