프로젝트 기본 정보,,,,참여자(이름),박세희
수업분류,Brand Management,,,참여자(학번),2022820101
"태그
(선택지에서만 고를것)",표기되는 태그 (필수),,숨겨진 태그 (선택),,
,Branding,,Graphic,,
프로젝트 타이틀,Movinn,,,,
슬로건,로컬 컨시어지 서비스를 바탕으로 단기적으로 운영되는 팝업 스테이 브랜드,,,,
상세설명,"movinn은 로컬과 상생합니다. 로컬 상권이 골목 산업화까지 이어질 수 있도록 지역의 작은 가게, 크리에이터를 소개합니다. 브랜드가 운영되는 기간동안 투숙객들이 지역의 콘텐츠를 자연스럽게 마주할 수 있도록 연결합니다.
movinn은 다양한 콘텐츠를 찾아 끊임없이 움직입니다. 한 장소에서 5달동안 운영되며, 그 기간이 지나면 새로운 장소로 이동합니다. 자고 나면 사라지는 한정된 시간 속에서 누리는 축제같은 경험은 잊지 못할 특별한 추억으로 기억됩니다.
movinn은 낯선 장소에서의 특별한 경험을 제안합니다. movinn은 낯선 로컬에서의 안내자를 자처하여 투숙객들에게 즐겁고 다양한 경험을 제안하는 로컬-컨시어지 서비스를 중심으로 운영됩니다.",,,,
프로젝트 상세페이지 구성,,,,,
종류,내용1,내용2,,,
text_1,Movinn,,,,