프로젝트 기본 정보,,,,참여자(이름),이미화
수업분류,Brand Management,,,참여자(학번),2020820052
"태그
(선택지에서만 고를것)",표기되는 태그 (필수),,숨겨진 태그 (선택),,
,Branding,,,,
프로젝트 타이틀,두번째칸,,,,
슬로건,기억의 파편을 모으다.,,,,
상세설명,"추억을 그리는 AI 앨범 브랜드는 디지털적인 대화를 통해 기억을 더 생생하게 담아, 특별한 추억을 시각적 형태로 만들어주는 브랜드입니다.",,,,
프로젝트 상세페이지 구성,,,,,
종류,내용1,내용2,,,
image,Brand Image,,,,
text_1,Brand Story,"머릿속에 오랫동안 남아 있는 기억은 대게 추상적인 느낌으로 남아 있으며 명확한 시각 이미지는 빠르게 사라지고는 합니다. 때로는 추억을 떠올리기 어려울 때도 있습니다. 그러나 대화를 통해 이러한 추억을 공유하면, 차례대로 더 자세하게 기억을 떠올릴 수 있습니다. 이러한 대화 과정이 흐릿하고 모호한 기억을 더 구체적으로 만드는 데 도움이 되는 방법의 하나라고 생각합니다. 그래서 이 아이디어를 기반으로, 이미지를 명확하게 형상화하고 떠오르는 추억을 시각적으로 표현할 수 있는 브랜드를 만들고자 하였습니다.",,,
text_2,Brand Description,,,,
image,Logo,,바뀔 예정,,
image,Planning,,바뀔 예정,,
image,Application,,바뀔 예정,,
image,Production,,바뀔 예정,,
link,@mi_neuru_01,https://instagram.com/mi_neuru_01?igshid=OGQ5ZDc2ODk2ZA==,,,