프로젝트 기본 정보,,,,참여자(이름),허준
수업분류,Brand Management,,,참여자(학번),2018286066
"태그
(선택지에서만 고를것)",표기되는 태그 (필수),,숨겨진 태그 (선택),,
,Branding,,Editorial,,
프로젝트 타이틀,SOFT,,,,
슬로건,시각적으로 즐겁고 매력적인 것들을 수집하고 펴내는 작은 서점,,,,
상세설명,"브랜드 소프트는 여러 콘텐츠를 통해 가치 있는 문화를 부드럽고 유연하게 바라볼 수 있도록 하는, 예술 분야에 있어 허준* 본인의 취향과 안목을 담은 저널 브랜드이다. 오프라인을 포함, 문화를 공유하는 집단 간의 동질성을 통한 네트워크 구축을 목표로 다양한 프로그램과 오프라인 공간읕 제시한다.",,,,
프로젝트 상세페이지 구성,,,,,
종류,내용1,내용2,,,
text_1,Project Background,,,,
text_2,,,,,
image,BG_1,,,,
text_1,Project Process,,,,
text_2,,,,,
image,BM_1,,,,
text_1,Promotion,,,,
text_2,,,,,
image,BM_2,,,,
text_1,Logo,,,,
text_2,,,,,
image,BM_3,,,,
text_1,Identity,,,,
text_2,,,,,
image,BM_4,,,,
text_1,System,,,,
text_2,,,,,
image,BM_5,,,,
text_2,Poster,,,,
image,BM_6,,,,
text_2,Publish,,,,
image,BM_7,,,,
text_2,Staionary,,,,
image,BM_8,,,,
text_2,Merchandise,,,,
image,BM_9,,,,