프로젝트 기본 정보,,,,참여자(이름),2020820037
수업분류,Brand Management,,,참여자(학번),송가은
"태그
(선택지에서만 고를것)",표기되는 태그 (필수),,숨겨진 태그 (선택),,
,Branding,,Illustration,,
프로젝트 타이틀,몽류도원,,,,
슬로건,봄의 품이 가득히 느껴지는 하루의 끝자락,,,,
상세설명,좋은 숙면을 위해서 지나쳐야 하는 동굴이 있습니다. 그곳은 어둡고 깊어 두려움을 주곤 하지만 긴 어둠을 지나면 봄의 안락함이 담긴 무릉도원을 마주할 수 있습니다. 먼발치에 떨어진 평온의 공간을 스스럼없이 들어가는 자들도 있지만 아직 어둠이 낯선 당신을 위해 길을 밝혀줄 수호자가 좋은 숙면을 주는 봄의 품인 무릉도원으로 안내합니다,,,,
프로젝트 상세페이지 구성,,,,,
종류,내용1,내용2,,,
text_1,Project Background,,,,
image,mong1.jpg,,,,
text_1,Project Process,,,,
image,mong2.jpg,,,,
text_1,Outcome,,,,
image,mong3.jpg,,,,