프로젝트 기본 정보,,,,참여자(이름),이승미
수업분류,Brand Management,,,참여자(학번),2019286039
"태그
(선택지에서만 고를것)",표기되는 태그 (필수),,숨겨진 태그 (선택),,
,Branding,,,,
프로젝트 타이틀,코드닝 Codening,,,,
슬로건,"For your good vibe,",,,,
상세설명,"코드닝은 사용자 맞춤 향기를 제공하는 실링왁스 형태의 향초 브랜드입니다.
원하는 향을 선택하면 실링이 찍힌 왁스 키트가 나만의 코드번호가 적힌 박스에 제공됩니다.
",,,,
프로젝트 상세페이지 구성,,,,,
종류,내용1,내용2,,,
youtube,BdnjrFqVQoY,,,,