프로젝트 기본 정보,,,,참여자(이름),정유진
수업분류,Brand Management,,,참여자(학번),2022820108
"태그
(선택지에서만 고를것)",표기되는 태그 (필수),,숨겨진 태그 (선택),,
,Branding,,Graphic,,
프로젝트 타이틀,blish,,,,
슬로건,Eternal Brilliance,,,,
상세설명,"blish는 천연 다이아몬드 채굴 과정에서 발생하는 환경 파괴, 전쟁, 인권 문제에서 자유로운 
실험실에서 생산된 다이아몬드 브랜드 입니다.
blish는 윤리적이고 지속적인 아름다움을 위해 노력합니다.",,,,
프로젝트 상세페이지 구성,,,,,
종류,내용1,내용2,,,
text_1,Project Background,,,,
image,Project Background.jpg,,,,
text_1,Project Process,,,,
image,Project Process.jpg,,,,
text_1,outcome,,,,
image,outcome.jpg,,,,