프로젝트 기본 정보,,,,참여자(이름),민유진
수업분류,Brand Management,,,참여자(학번),2020820026
"태그
(선택지에서만 고를것)",표기되는 태그 (필수),,숨겨진 태그 (선택),,
,Branding,,Branding,,
프로젝트 타이틀,청자골단감,,,,
슬로건,"마음을 전달하는 브랜드, 청자골단감",,,,
상세설명,"청자골단감은 전라남도 강진에서 손녀가 할아버지를 위한 선물로써 시작된 특별한 단감 브랜드입니다. 할아버지께서 손자와 손녀에게 주시는 사랑처럼, 할아버지의 애정과 사랑이 담긴 단감 브랜드가 탄생했습니다. 할아버지의 사랑과 정성이 담긴 단감을 먹으며 힘든 삶 속에서 공감과 위로를 느낄 수 있는 브랜드로, 일반적인 농산물 브랜드가 아닌 소비자와 의미있는 관계를 통한 불안의 시대 속에서 따뜻함을 전달하는 브랜드입니다.",,,,
프로젝트 상세페이지 구성,,,,,
종류,내용1,내용2,,,
text_1,Project Background,,,,
image,01.jpg,,,,
image,02.jpg,,,,
image,03.jpg,,,,
text_1,Brand Introduction,,,,
image,04.jpg,,,,
image,05.jpg,,,,
image,06.jpg,,,,
image,07.gif,,,,
text_1,Brand Visual System,,,,
image,08.jpg,,,,
image,09.gif,,,,
image,10.jpg,,,,
image,11.jpg,,,,
image,12.jpg,,,,
text_1,Brand Package,,,,
image,13.jpg,,,,
image,14.jpg,,,,
image,15.gif,,,,
text_1,Application,,,,
image,16.jpg,,,,
image,17.jpg,,,,
image,18.jpg,,,,
image,19.jpg,,,,