프로젝트 기본 정보,,,,참여자(이름),류승희
수업분류,Brand Management,,,참여자(학번),2019286019
"태그
(선택지에서만 고를것)",표기되는 태그 (필수),,숨겨진 태그 (선택),,
,Branding,,Graphic,,
프로젝트 타이틀,Butterfly Noise,,,,
슬로건,"일상의 소음에서 벗어난, 온전히 생각할 수 있는 공간",,,,
상세설명,"카페 'Butterfly Noise'는 백색소음의 원리에서 영감을 받아 만들어진 카페입니다.
1인 예약제로 운영되는 'Butterfly Noise'는 일상의 소음에서 벗어나, 백색소음의 공간에서
진지하고, 깊은 생각을 할 수 있는 최적의 환경을 제공합니다.",,,,
프로젝트 상세페이지 구성,,,,,
종류,내용1,내용2,,,
text_2,Project Background,생각하는 공간과 카페의 결합,,,
image,ButterflyNoise01.jpg,,,,
text_2,Project Process,Brand Value & Concept,,,
image,ButterflyNoise02.jpg,,,,
text_2,,Brand Identity,,,
image,ButterflyNoise03.jpg,,,,
text_2,,Thinking Journey,,,
image,ButterflyNoise04.jpg,,,,
text_2,,Outcome,,,
image,ButterflyNoise05.jpg,,,,