프로젝트 기본 정보,,,,참여자(이름),정태수
수업분류,Brand Management,,,참여자(학번),2020820081
"태그
(선택지에서만 고를것)",표기되는 태그 (필수),,숨겨진 태그 (선택),,
,Branding,,Graphic,,
프로젝트 타이틀,CONSENT FESTIVAL,,,,
슬로건,다양하고 풍부한 감정의 축제,,,,
상세설명,현대 사회에서는 감정들이 충분히 해소되지 못하고 계속해서 쌓이는 경향이 있습니다. CONSENT FESTIVAL은 이런 상황에서 감정을 표출하지 못하고 계속해서 쌓인 감정들로 인해서 어려움을 겪는 사람들을 돕기 위한 축제 브랜드입니다.,,,,
프로젝트 상세페이지 구성,,,,,
종류,내용1,내용2,,,
youtube,nauCRBkg7dE?si=ZOcTu4Dyop-l__k6,,,,
text_1,Project Background,,,,
text_2,감정의 문제를 겪고 있는 현대사회,,,,
image,bm1.jpg,,,,
text_1,Project Process,,,,
text_2,CONSENT FESTIVAL,,,,
image,bm2.jpg,,,,
image,bm3.jpg,,,,
image,bm4.jpg,,,,
text_1,Outcome,,,,
text_2,Motion Poster,,,,
image,bm5.jpg,,,,
youtube,t2YnC9eSnGA,,,,
text_2,Guide Book,,,,
image,bm6.jpg,,,,
text_2,Leaflet,,,,
image,bm7.jpg,,,,
text_2,Ticket,,,,
image,bm8.jpg,,,,
text_2,Goods,,,,
image,bm9.jpg,,,,