프로젝트 기본 정보,,,,참여자(이름),김건우
수업분류,Brand Management,,,참여자(학번),2018286006
"태그
(선택지에서만 고를것)",표기되는 태그 (필수),,숨겨진 태그 (선택),,
,Branding,,Graphic,,
프로젝트 타이틀,화이트큐브,,,,
슬로건,당신이 향유하는 모든 예술.,,,,
"상세설명
(공백포함 200자 이내)","현대 미술을 비롯한 전반적인 예술 분야를 전문으로 다루는 멀티미디어 언론사 화이트
큐브는 아날로그와 디지털의 경계를 넘나들며 아름다운 예술의 향유를 전달합니다.
친숙한 지류 신문과 저널북부터 현 세대를 주도하는 멀티 미디어까지 폭넓고 다양한 
향유의 수단을 제시하며 늘 새로운 형태와 메세지로 우리를 놀랍게 하는 예술로의 경험을
더욱 실감나게 제공합니다.",,,,
프로젝트 상세페이지 구성,,,,,
종류,내용1,내용2,,,
text_2,Project Background,설명,,,
image,test1.jpg,,,,
text_2,Outcome,,,,
image,test2.jpg,,,,