프로젝트 기본 정보,,,,참여자(이름),임유진
수업분류,Brand Management,,,참여자(학번),2019286048
"태그
(선택지에서만 고를것)",표기되는 태그 (필수),,숨겨진 태그 (선택),,
,Branding,,Illustration,,
프로젝트 타이틀,자라는 과일책,,,,
슬로건,미술활동과 함께하는 자존감 동화책,,,,
상세설명,약간은 부족해도 괜찮아! 쉽고 재미있는 과일 이야기로 아이들에게 자아존중감을 알려주는 동화책 시리즈입니다. 또한 동화책 뒤에 미술활동을 하며 아이들에게 동화책의 메세지를 직접 느끼고 표현할 수 있게 합니다.,,,,
프로젝트 상세페이지 구성,,,,,
종류,내용1,내용2,,,
text_1,Project Process,,,,
image,test.jpg,,,,
text_3,Outcome,자라는 과일책'은 총 5권으로 이루어져 있습니다.,,,
image,im1.png,,,,
image,im2.png,,,,
image, im3.png,,,,