프로젝트 기본 정보,,,,참여자(이름),김지민,이은호
수업분류,Brand Management,,,참여자(학번),2020820019,20208220056
"태그
(선택지에서만 고를것)",표기되는 태그 (필수),,숨겨진 태그 (선택),,,
,Branding,,Branding,,,
프로젝트 타이틀,ADC±,,,,,
슬로건,Record Myself,,,,,
상세설명,"ADC±는 개인 성향을 기반으로 상상력을 발현시켜 주는 음악 실험실입니다. 이그니스, 벤투스, 아쿠아, 테라 네 가지 원소 중 자신에게 맞는 하나의 원소를 결과로 받습니다. 이를 바탕으로 아날로그 LP를 선택해 영상과 함께 감상하며 상상력을 발현시키고, 더 나아가 발현된 상상력을 바탕으로 떠오르는 가지각색의 생각들을 음악으로 펼칠 수 있습니다. ",,,,,
프로젝트 상세페이지 구성,,,,,,
종류,내용1,내용2,,,,
image,IMAGE1.jpg,,,,,
text_2,PROJECT BACKGOUND,설명,,,,
image,IMAGE2.jpg,,,,,
text_2,BRAND CORE VALUE, 설명,,,,
image,IMAGE3.jpg,,,,,
text_2,BRAND SYSTEM,설명,,,,
image,IMAGE4.jpg,,,,,
image,IMAGE5.gif,,,,,
image,IMAGE6.jpg,,,,,
text_2,BRAND EXPERIENCE ,설명,,,,
image,IMAGE7.jpg,,,,,
text_2,STEP1,설명,,,,
image,IMAGE8.jpg,,,,,
image,IMAGE9.gif,,,,,
image,IMAGE10.jpg,,,,,
text_2,STEP2,설명,,,,
image,IMAGE11.jpg,,,,,
image,IMAGE12.gif,,,,,
image,IMAGE13.jpg,,,,,
text_1,ETC.,,,,,
image,IMAGE14.gif,,,,,
image,IMAGE15.jpg,,,,,