프로젝트 기본 정보,,,,참여자(이름),김도우,송민주
수업분류,Brand Management,,,참여자(학번),2017286004,2020820038
"태그
(선택지에서만 고를것)",표기되는 태그 (필수),,숨겨진 태그 (선택),,,
,UXUI,,Motion,,,
프로젝트 타이틀,별의별일,,,,,
슬로건,별 볼 일없는 하루를 별의별일로 가득찬 하루로,,,,,
상세설명,"매일 무의미하게 흘러보내는 하루, 사실은 별의별일이 숨어있다는걸 아시나요?
우리가 쉽게 놓치는 하루를 기록을 통해 무의미한 하루가 아닌, 별일 있는 하루로 찾아드립니다.
우리의 기록을 먹고 사는 우주햄토리 추추와 함께, 별의 별일을 찾으러 떠나보아요!",,,,,
프로젝트 상세페이지 구성,,,,,,
종류,내용1,내용2,,,,
youtube,(url 예정),브랜드 영상,,,,
image,브랜드 아이덴디티.jpg,,,,,
,,,,,,
,,,,,,
link,피그마 프로토타입,https://www.figma.com/file/iaHu0kH72W7NYz716fSAJA/Untitled?type=design&node-id=1%3A2&mode=design&t=0MZnBBYldYWezXWW-1,,,,