프로젝트 기본 정보,,,,참여자(이름),진관우,노예성
수업분류,Brand Management,,,참여자(학번),2018430024,2018430005
"태그
(선택지에서만 고를것)",표기되는 태그 (필수),,숨겨진 태그 (선택),,,
,Branding,,UXUI,,,
프로젝트 타이틀,Formation,,,,,
슬로건,soccer information from all over the world for you,,,,,
상세설명,"월드컵의 흥행과 축구선수들의 스타성으로 인해 해외축구에 대한 관심이 많아지는 요즘, 우리나라에는 아직까지 빠르고 정확한 정보를 전하는 축구 사이트가 없습니다. ‘포메이션’은 이런 축구 팬들의 갈증을 해소하고자, 해외 5대 리그와 우리나라의 K리그의 각종 정보를 담은 브랜드입니다. 웹 사이트와 모바일 어플리케이션을 통해 팬들에게 여러 가지 정보를 전달함과 동시에, 축구와 관련된 각종 물품들을 제작하여 축구 산업의 발전을 도모하는 브랜드입니다.",,,,,
프로젝트 상세페이지 구성,,,,,,
종류,내용1,내용2,,,,
youtube,웹페이지 오프닝 컨셉 영상,kaJQznts_t4?si=SHUKXIUOtnbnR60c,https://www.youtube.com/watch?v=kaJQznts_t4,,,
text_1,About Brand,,,,,
image,About Brand.jpg,"브랜드 스토리, 브랜드 요약, 코어밸류",,,,
text_1,Brand Identity,,,,,
image,Brand Identity1.jpg,"로고, 심볼, 색상",,,,
image,Brand Identity2.jpg,모바일 어플리케이션 목업 파일,,,,
text_1,Outcome,"
",,,,
image,Outcome1.jpg,"스티커, 유니폼, 스카프",,,,
image,Outcome2.jpg,"깃발, 완장, 티켓, 카드",,,,
link,피그마 프로젝트 링크,https://www.figma.com/file/0f78QdyHZaR7S9p9uR95Ef/%ED%8F%AC%EB%A9%94%EC%9D%B4%EC%85%98?type=design&node-id=0%3A1&mode=design&t=S3XUIeO073qMJIro-1,,,,