프로젝트 기본 정보,,,,참여자(이름),신혜정
수업분류,Digital Project,,,참여자(학번),2019286029
"태그
(선택지에서만 고를것)",표기되는 태그 (필수),,숨겨진 태그 (선택),,
,UXUI,,,,
프로젝트 타이틀,SAFE PASS,,,,
슬로건,안전한 곳까지 신속하게 도달하다.,,,,
상세설명,SAFE PASS는 재난 발생시 발송되는 재난문자 내용에 따라 사용자에게 알맞는 행동요령과 가까운 대피소의 위치를 실시간으로 전달해주는 재난안전문자 서비스입니다.,,,,
,,,,,
종류,내용1,내용2,,,
youtube,영상링크,,,,
image,Background,,,,
text_1,Project Background,,,,
image,background.jpg,,,,
text_1,Project Process,,,,
image,Project Process.jpg,,,,
text_1,Outcome,,,,
image,Outcome.jpg,,,,
link,피그마 프로토타입,,,,