프로젝트 기본 정보,,,,참여자(이름),김현진
수업분류,Digital Project,,,참여자(학번),2019286017
"태그
(선택지에서만 고를것)",표기되는 태그 (필수),,숨겨진 태그 (선택),,
,3D,,Motion,,
프로젝트 타이틀,Groovy,,,,
슬로건,선인장과 풍선의 리드미컬한 만남,,,,
상세설명,"아무도 없는 비 오는 새벽, 파티가 끝난 커피 바 한구석에 있는 선인장은 
풍선과 춤을 추고 서로 가까워지는 환상을 꿈꿉니다. 
",,,,
프로젝트 상세페이지 구성,,,,,
종류,내용1,내용2,,,
text_1,Overview,,,,
image,OVERViEW.jpg,,,,
youtube,03VDkvVvczg,,,,
text_1,Story Board,,,,
image,storyboard.jpg,,,,
text_1,Character,,,,
image,character.jpg,,,,
text_1,Project Process,,,,
image,process_1.jpg,,,,
image,process_2.jpg,,,,
text_1,Outcome,,,,
image,outcome_1.jpg,,,,
image,outcome_2.jpg,,,,