프로젝트 기본 정보,,,,참여자(이름),이미화
수업분류,Digital Project,,,참여자(학번),2020820052
"태그
(선택지에서만 고를것)",표기되는 태그 (필수),,숨겨진 태그 (선택),,
,Editorial,,,,
프로젝트 타이틀,추억의 호빵,,,,
슬로건,종이로 빚어낸 1970년대 호빵 이야기,,,,
상세설명,"70년대 시대 모습을 아날로그 종이로 구현한 세트장을 배경으로, 크로마키 촬영을 통해 제작한 이색적인 호빵 광고입니다.",,,,
프로젝트 상세페이지 구성,,,,,
종류,내용1,내용2,,,
text_1,Project Miniature Set,,,,
image,miniature1,,본 촬영 후 바뀔 예정,,
image,miniature2,,본 촬영 후 바뀔 예정,,
image,miniature3,,본 촬영 후 바뀔 예정,,
text_2,Project Advertising Video,,,,
youtube,Video1,메인 광고 영상,아직 제작 전,,
youtube,Video2,서브 영상,아직 제작 전,,
image,miniature4,,,,