프로젝트 기본 정보,,,,참여자(이름),김도우
수업분류,Digital Project,,,참여자(학번),2017286004
"태그
(선택지에서만 고를것)",표기되는 태그 (필수),,숨겨진 태그 (선택),,
,UXUI,,,,
프로젝트 타이틀,팜팜,,,,
슬로건,도시속 초보 농부를 위한 텃밭 매칭 서비스 제공 앱 ,,,,
상세설명,"텃밭의 크기, 장소, 거리등의 세부적인 검색을 통해 민간의 텃밭농장을 포함하는 나만의 최적의 맞춤 텃밭을 찾고, 더 나아가 유저들과 작물 정보교환을 할 수 있는 어플리케이션입니다.",,,,
프로젝트 상세페이지 구성,,,,,
종류,내용1,내용2,,,
youtube,(url 예정),브랜드 영상,,,
image,브랜드 아이덴디티.jpg,,,,
image,Uxui 디자인.jpg,,,,
link,피그마 프로토타입,,,,