프로젝트 기본 정보,,,,참여자(이름),박산나래
수업분류,Digital Project,,,참여자(학번),2019286022
"태그
(선택지에서만 고를것)",표기되는 태그 (필수),,숨겨진 태그 (선택),,
,3D,,Motion,,
프로젝트 타이틀,크레파스,,,,
슬로건,삐뚤빼뚤 그려나가는 사랑,,,,
상세설명,"깜짝 놀랐을 때, ""엄마야!"" 엉엉 울때도, ""엄마아~"". 단어 한 마디부터 많은 감정을 가져오는 단어 '엄마'. 우리가 엄마를 그리는 마음은 때로, 마법처럼 강력하고 신비로운 힘이 됩니다.",,,,
프로젝트 상세페이지 구성,,,,,
종류,내용1,내용2,,,
youtube,ou0em3zFllQ,,,,
text_1,Project Background,,,,
image,test1.jpg,,,,
text_2,Character,,,,
image,test2.jpg,,,,