프로젝트 기본 정보,,,,참여자(이름),김지수
수업분류,Digital Project,,,참여자(학번),2019245008
"태그
(선택지에서만 고를것)",표기되는 태그 (필수),,숨겨진 태그 (선택),,
,UXUI,,UXUI,,
프로젝트 타이틀,똑독,,,,
슬로건,독서의 문을 열다,,,,
"상세설명
(공백포함 200자 이내)","똑독은 책을 더 깊게 읽을 수 있게 도우미 역할을 합니다. 그동안 독서에 집중하지 못하고 깊은 독서를 하지 못했던 사람들에게 독서 메모를 쉽게 작성하고, 더 나은 독서경험을 할 수 있게 햡니다. 복잡했던 독서를 더 잘하고 새로운 독서경험의 문을 열어줄 것입니다.",,,,
프로젝트 상세페이지 구성,,,,,
종류,내용1,내용2,,,
youtube,,,,,
text_1,Project Background,,,,
image,d1.png,,,,
image,d2.png,,,,
text_1,Project Process,,,,
image,d3.png,,,,
image,d4.png,,,,
image,d5.png,,,,
text_1,Outcome,,,,
image,d6.png,,,,
image,d7.png,,,,
link,피그마 프로토타입,https://www.figma.com/proto/h4ZIY1AfywcN6NrGWFwU1l/DP?page-id=&type=design&node-id=312-2737&viewport=1430%2C392%2C0.08&t=92LYCMukYxSASwgC-1&scaling=scale-down&mode=design,,,