프로젝트 기본 정보,,,,참여자(이름),황세린
수업분류,Digital Project,,,참여자(학번),2019286065
"태그
(선택지에서만 고를것)",표기되는 태그 (필수),,숨겨진 태그 (선택),,
,UXUI,,UXUI,,
프로젝트 타이틀,ORAE,,,,
슬로건,"유기동물의 희망을 함께 키워가는, 입양과 후원의 플랫폼
사람과 동물의 행복을 지키는 오래(ORAE)입니다",,,,
상세설명,"유기동물 입양 가정의 지속적이고 안정적인 케어에 도움을 주는 플랫
폼의 역할을 하는 어플리케이션",,,,
프로젝트 상세페이지 구성,,,,,
종류,내용1,내용2,,,
youtube,,,,,
text_1,Project Background,,,,
image,d1.png,,,,
image,d2.png,,,,
text_1,Project Process,,,,
image,d3.png,,,,
image,d4.png,,,,
image,d5.png,,,,
text_1,Outcome,,,,
image,d6.png,,,,
image,d7.png,,,,
link,피그마 프로토타입,https://www.figma.com/proto/XPF5XNDvM058jq9LySZJZW/orae?type=design&node-id=5-136&t=WATUPZzi1k4ONKcQ-1&scaling=scale-down&page-id=0%3A1&mode=design,,,