프로젝트 기본 정보,,,,참여자(이름),임유진
수업분류,Digital Project,,,참여자(학번),2019286048
"태그
(선택지에서만 고를것)",표기되는 태그 (필수),,숨겨진 태그 (선택),,
,Motion,,Illustration,,
프로젝트 타이틀,RAINY DAY,,,,
슬로건,비오는 날 얼렁뚱땅 즐거운 하굣길 애니메이션,,,,
상세설명,"비가 오게 되면 하늘은 우중충하고, 사람들은 머리와 옷이 젖기 때문에 불편해하기도 합니다.
하지만 비오는 날에만 느낄 수 있는 것들이 있습니다.
비를 좋아하는 아이에게는 온 세상이 즐거운 놀이터가 되는 것처럼요.
비오는 날, 하교길에 일어나는 아이의 작은 세상을 주제로 애니메이션을 제작하였습니다.",,,,
프로젝트 상세페이지 구성,,,,,
종류,내용1,내용2,,,
youtube,,,,,
text_1,Project Process,,,,
image,test,,,,