프로젝트 기본 정보,,,,참여자(이름),이명서
수업분류,Digital Project,,,참여자(학번),2019286037
"태그
(선택지에서만 고를것)",표기되는 태그 (필수),,숨겨진 태그 (선택),,
,UXUI,,,,
프로젝트 타이틀,Cherry pic,,,,
슬로건,Take Eat Easy!,,,,
상세설명,가공식품 구매 시 내가 궁금한 영양정보만 쉽게 확인할 수 있는 커스텀 영양성보 서비스 입니다.,,,,
프로젝트 상세페이지 구성,,,,,
종류,내용1,내용2,,,
image,project_process.jpg,,,,