프로젝트 기본 정보,,,,참여자(이름),정현욱
수업분류,Digital Project,,,참여자(학번),2018286055
"태그
(선택지에서만 고를것)",표기되는 태그 (필수),,숨겨진 태그 (선택),,
,UXUI,,Graphic,,
프로젝트 타이틀,컬렉터즈,,,,
슬로건,나의 일상 속 식물을 수집하다.,,,,
상세설명,혹시 길을 걷거나 공원을 둘러볼때 식물 사진을 찍거나 하신 적이 있으신가요? 식물의 대한 정보를 알고 싶고 수집을 하고 싶은 마음이 생긴 적이 있나요? 이러한 식물 수집가를 위한 어플리케이션 컬렉터즈는 식물을 촬영 인식하여 해당 식물의 3D 그래픽 오브젝트를 얻는 식물 수집 게이미피케이션입니다.,,,,
프로젝트 상세페이지 구성,,,,,
종류,내용1,내용2,,,
image,image1.jpg,기획 프로세스,,,
image,,UI Guide,,,
link,피그마 프로토타입,https://www.figma.com/proto/OhlZ8lDp4BhOBOys4mvMdE/Collectors?page-id=2274%3A7452&type=design&node-id=2978-24041&viewport=-71%2C-18%2C0.61&t=hTnuhjn2C34iFprr-1&scaling=min-zoom&mode=design,,,