프로젝트 기본 정보,,,,참여자(이름),홍은진
수업분류,Digital Project,,,참여자(학번),2019286064
"태그
(선택지에서만 고를것)",표기되는 태그 (필수),,숨겨진 태그 (선택),,
,Motion,,Motion,,
프로젝트 타이틀,현혹,,,,
슬로건,아름다움에 속지마라,,,,
상세설명,"아름다움을 쫓아가다 영영 돌아오지 못하는 사람들.
이 요괴는 사람들을 현혹시켜 자신의 본거지로 유인하여 자신의 배를 채운다.
이러한 특성때문에 이 요괴를 현혹귀라 부르기 시작하였다.",,,,
프로젝트 상세페이지 구성,,,,,
종류,내용1,내용2,,,
youtube,LaBRV0NNd7c,,,,
text_1,Project Background,,,,
image,test1.png,,,,
text_2,Outcome,,,,
image,test2.png,,,,