프로젝트 기본 정보,,,,참여자(이름),변한선
수업분류,Digital Project,,,참여자(학번),2019286025
"태그
(선택지에서만 고를것)",표기되는 태그 (필수),,숨겨진 태그 (선택),,
,3D,,Motion,,
프로젝트 타이틀,Escapade,,,,
슬로건,반복되는 일상 속 일탈,,,,
상세설명,"우리는 매일 똑같은 일상을 살아간다.
항상 반복되는 일상속에서 누구나 한번쯤은 일탈을 꿈꾸지만
일탈을 할 용기를 내는 건 쉽지 않다.
그러나 우리에게는 옛날 옛적 단군신화의 호랑이가 쑥과 마늘을 버리고 달아난 것처럼, 
일탈의 유전자가 존재한다.
우리도 이 호랑이 처럼 한번쯤은 과감하게 일탈을 해보는건 어떨까?
",,,,
프로젝트 상세페이지 구성,,,,,
종류,내용1,내용2,,,
youtube,ykmHQzBhK20,,,,
image,logogif.gif,,,,
image,character1.jpg,,,,
image,character2.jpg,,,,
image,character3.jpg,,,,