프로젝트 기본 정보,,,,참여자(이름),조한음
수업분류,Digital Project,,,참여자(학번),2019286056
"태그
(선택지에서만 고를것)",표기되는 태그 (필수),,숨겨진 태그 (선택),,
,3D,,Motion,,
프로젝트 타이틀,SIGNAL,,,,
슬로건,지구를 접하는 로봇에 관한 이야기,,,,
상세설명,"방치된 인공위성에서 오랜 기간 홀로 일하는 어느 로봇, 어느 날 안테나의 오작동으로 지구로부터 신호를 받게 된다. 신호를 통해 처음으로 지구의 음악, 지구의 여러 모습을 접하게 되며 지구에 대한 동경이 생기는데..",,,,
프로젝트 상세페이지 구성,,,,,
종류,내용1,내용2,,,
vimeo,000000,,,,
image,image1.png,,,,