프로젝트 기본 정보,,,,참여자(이름),곽서영
수업분류,Digital Project,,,참여자(학번),2019286004
"태그
(선택지에서만 고를것)",표기되는 태그 (필수),,숨겨진 태그 (선택),,
,UXUI,,UXUI,,
프로젝트 타이틀,Stellorb(스텔로브),,,,
슬로건,"반짝, 빛나는 내 삶의 궤도.",,,,
상세설명,"Stellorb(스텔로브)는 목표달성 기법 중 하나인  ‘만다라트' 기법을 활용하여 장/단기 목표를 더 편리하게, 더 꾸준하게 관리 할 수 있도록 돕는 목표관리 어플리케이션입니다. Zoom in & Out Interaction으로 자유롭고도 체계적인 목표 및 태스크 관리가 용이한 것이 가장 큰 특징이며, AI 기술을 활용하여 소소하고 재밌는 동기부여도 제공합니다. AI는 사용자의 목표와 진행도를 분석하여 목표 달성 후 긍정적인 일상(글) 또는 모습(사진,그림)을 생성해줍니다. ",,,,
프로젝트 상세페이지 구성,,,,,
종류,내용1,내용2,,,
vimeo,266150301,,,,
image,test.jpg,,,,