프로젝트 기본 정보,,,,참여자(이름),최유리
수업분류,Digital Project,,,참여자(학번),2019286059
"태그
(선택지에서만 고를것)",표기되는 태그 (필수),,숨겨진 태그 (선택),,
,Illustration,,Motion,,
프로젝트 타이틀,기다림,,,,
슬로건,변치않는 마음으로 기다리다,,,,
상세설명,"동물을 향한 우리의 마음은 변하는 순간이 찾아오지만, 우리를 생각하는 반려동물의 마음은 한결같습니다. 함께하는 것만으로도 행복해하고, 우리가 돌아오면 반갑게 맞이해주는 존재. 주인의 마음이 변하며 자신을 외면하는 순간이 오더라도, 끝까지 주인을 생각하며 함께하고 싶어하는 강아지의 이야기를 전하고자 합니다.",,,,
프로젝트 상세페이지 구성,,,,,
종류,내용1,내용2,,,
youtube,JB8rmdToU-M,,,,
text_1,Project Background,,,,
image,background.jpg,,,,
text_1,Project Process,,,,
image,storyboard.jpg,,,,
image,character.jpg,,,,
text_1,Outcome,,,,
image,illust.jpg,,,,