프로젝트 기본 정보,,,,참여자(이름),박산나래,손민재,이채은,임유진,홍은진
수업분류,Interaction Business,,,참여자(학번),2019286022,2018286026,2019286044,2019286048,2019286064
"태그
(선택지에서만 고를것)",표기되는 태그 (필수),,숨겨진 태그 (선택),,,,,,
,UXUI,,Interactive,,,,,,
프로젝트 타이틀,NEXTO,,,,,,,,
슬로건,Next Original [현실을 넘어서 다양하게 즐기다],,,,,,,,
"상세설명
(공백포함 200자 이내)","“NEXTO”는 원작을 다양한 방향으로 확장시킨 기존의 2차 창작물을, 현실이라는 무대에 독자적인 이야기로 구성하고 AR로 즐길 수 있는 서비스입니다. 기존 콘텐츠 재창작 문화의 폐쇄성과 높은 접근성을 깨기 위해, 컨텐츠 기술 응용과 스토리텔링의 매력을 강조시켜 유저들이 플랫폼에서 제작, 공유하며 교류하는 구조로 컨텐츠 미디어시장의 새로운 판도를 제시합니다.",,,,,,,,
프로젝트 상세페이지 구성,,,,,,,,,
종류,내용1,내용2,,,,,,,
youtube,hy_jgS2L9dQ?si=eQWiXKYK10a0JJ5F,,,,,,,,
image,nexto1.png,,,,,,,,
image,nexto2.png,,,,,,,,
image,nexto3.png,,,,,,,,
link,피그마 프로토타입,figma.com/...,,,,,,,
link,비헨스 프로젝트 링크,behance.net/...,,,,,,,