프로젝트 기본 정보,,,,참여자(이름),민유진 ,명수정,김해정,김지민
수업분류,Interaction Business,,,참여자(학번),2020820026,2019286020,2020820022,2020820019
"태그
(선택지에서만 고를것)",표기되는 태그 (필수),,숨겨진 태그 (선택),,,,,
,UXUI,,Branding,,,,,
프로젝트 타이틀,gring,,,,,,,
슬로건,내가 그린 러닝 그림,,,,,,,
상세설명,"그링은 내가 달리는 루트로 GPS 아트를 제작할 수 있는 러닝 서비스입니다. 
나만의 러닝아트를 그려 다른 사람들과 공유하고, 즐길 수 있습니다. ",,,,,,,
프로젝트 상세페이지 구성,,,,,,,,
종류,내용1,내용2,,,,,,
youtube,watch?v=oQnMY6S_Vto,,,,,,,
image,gringweb.png,,,,,,,