프로젝트 기본 정보,,,,참여자(이름),곽서영,김현진,변한선,이현중,송윤진
수업분류,Interaction Business,,,참여자(학번),2019286004,2019286017,2019286025,2017286044,2017286021
"태그
(선택지에서만 고를것)",표기되는 태그 (필수),,숨겨진 태그 (선택),,,,,,
,UXUI,,UXUI,,,,,,
프로젝트 타이틀,THECHI(더치),,,,,,,,
슬로건,"THE 가치있는 일상, THE 재치있는 소비.",,,,,,,,
상세설명,"THECHI(더치)는 카드 서비스를 활용해 가치소비에 대한 기존에 없던 입체적인 소비 경험을 제공하는 서비스입니다. 기존의 가치소비 시장이 가지고 있던 지속 가능성에 대한 한계점을 카드사가 ‘카드'라는 소비도구와 경험 중심적인 부가서비스 제공(앱)을 통해 가치소비를 중점으로 하는 공급자와 소비자를 연결해 줌으로써 공급자는 사회가치 실현과 더불어 지속적인 이익을, 소비자는 부담되지 않고 지속 가능한 소비를 가능케 합니다.",,,,,,,,
프로젝트 상세페이지 구성,,,,,,,,,
종류,내용1,내용2,,,,,,,
youtube,watch?v=7qYWjMaft4A,,,,,,,,
text_2,Web,서비스의 실제 홍보 페이지를 제작하였습니다.,,,,,,,
image,web1.jpg,,,,,,,,
image,web2.jpg,,,,,,,,
,Card,서비스 실제 산출물 '카드'입니다.,,,,,,,
image,card.jpg,,,,,,,,