프로젝트 기본 정보,,,,참여자(이름),전미애
수업분류,Visual Project,,,참여자(학번),2020820071
"태그
(선택지에서만 고를것)",표기되는 태그 (필수),,숨겨진 태그 (선택),,
,Graphic,,Motion,,
프로젝트 타이틀,GOOD MOURNING,,,,
슬로건,애도와 성장: 상실의 긍정적인 이면을 밝히다,,,,
상세설명,삶에서 우리는 다양한 종류의 상실을 경험하며 애도를 통해 이를 극복합니다. 애도는 모든 의미 있는 상실에 대한 정상적인 반응을 말하며 후회와 반성을 동반합니다. 이러한 과정을 통해 우리는 전보다 더 나은 ‘나’로 성장합니다. 이 프로젝트는 이러한 상실과 성장을 겪은 다른 이들의 이야기를 통해서 상실을 슬프고 부정적인 것으로만 바라보는 게 아닌 그 이면의 긍정적인 측면을 발견할 수 있도록 돕습니다.,,,,
프로젝트 상세페이지 구성,,,,,
종류,내용1,내용2,,,
image,포스터,,,,
youtube,6d9v8g4pEaM?si=i_W-J3ekY_m7B_nL,,,,
text_1,Visual motif,,,,
image,image_1,,,,
image,image_2,,,,