프로젝트 기본 정보,,,,참여자(이름),정태수
수업분류,Visual Project,,,참여자(학번),2020820081
"태그
(선택지에서만 고를것)",표기되는 태그 (필수),,숨겨진 태그 (선택),,
,Graphic,,Editorial,,
프로젝트 타이틀,장난 카멜레온,,,,
슬로건,"즐거움, 행복, 그리고 장난",,,,
상세설명,현대 사회에서는 다양한 원인의 스트레스들로 인해서 힘들고 우울한 상황이 많습니다. 이런 상황 속에서 장난이라는 소재를 통해 이런 힘든 상황들을 이겨내고 일상에서 소소한 재미를 주고자 하는 챌린지입니다.,,,,
프로젝트 상세페이지 구성,,,,,
종류,내용1,내용2,,,
text_1,Project Background,,,,
text_2,일상 속 재미의 상실,"현대 사회에서는 다양한 원인의 스트레스들로 인해서 힘들고 우울한 상황이 많습니다. 이러한 상황 속에서도 소소한 재미와 행복을 주는 해결방안을 '장난'이라는 것이 있다는 생각을 했습니다. 실제로 저 또한 여러 가지 장난을 자주 시도해 왔고, 주변 분위기를 재미있게 해주었던 경험도 많았습니다. 이러한 경험들을 바탕으로 장난이라는 주제를 통해서 우울한 일상에 재미를 더하고자 했습니다.",,,
image,vp1.jpg,,,,
text_1,Project Process,,,,
text_2,Challenge Target,"평상시에 장난치는 것을 좋아하며, 일상에서 무기력함을 느끼고 지루함을 느끼는 20-30대를 타겟으로 장난 카멜레온 챌린지를 진행합니다.",,,
image,vp2.jpg,,,,
text_2,Why Chameleon?,장난이라는 키워드의 요소들과 카멜레온의 특징들이 어울리는 부분이 많아 두 가지 요소를 합쳐 보았습니다.,,,
image,vp3.jpg,,,,
text_2,Challenge Activity,,,,
image,vp4.jpg,,,,
text_2,Logo,,,,
image,vp5.jpg,,,,
text_1,Outcome,,,,
text_2,장난 70선,이 챌린지에 필요한 여러가지 예시 장난들이 70개가 담겨져 있는 책입니다. 이 챌린지를 잘 수행할 수 있도록 도움을 줍니다.,,,
image,vp6.jpg,,,,
text_2,Poster,,,,
image,vp7.jpg,,,,
text_2,Challenge Pakage,"챌린지를 잘 수행한 분들에게 주어지는 패키지입니다. 장난 카드, 기록지, 펜, 스티커, 뱃지, 티셔츠로 구성이 됩니다.",,,
image,vp8.jpg,,,,
text_2,Instargram,,,,
image,vp9.jpg,,,,