프로젝트 기본 정보,,,,참여자(이름),김경은
수업분류,Visual Project,,,참여자(학번),2020820005
"태그
(선택지에서만 고를것)",표기되는 태그 (필수),,숨겨진 태그 (선택),,
,Branding,,Illustration,,
프로젝트 타이틀,연리지 YEONLIJI,,,,
슬로건,전통 혼례의 진정성과 현대의 개성이 조화롭게 어우러져 잊지 못할 경험을 선사하다,,,,
상세설명,"시대의 변화에 맞게 현대의 결혼식은 빠르고 편한 결혼식을 더 원하고 과거 전통 혼례는 현대 결혼식에 비해 지루하고 어렵다는 인식때문에 전통 혼례에 대한 관심은 떨어지고 있습니다. 그러나 지금은 개성 시대인 MZ답게 커플 한 쌍 한 쌍, 저마다 개성 있는 결혼을 준비합니다. 트렌드가 왔다갔다 하는 시대에 전통 혼례의 진정성과 현대의 개성이 조화롭게 어우러져 잊지 못할 경험을 선사하는 '연리지 YEONLIJI' 퓨전 전통혼례 웨딩 브랜드입니다.",,,,
프로젝트 상세페이지 구성,,,,,
종류,내용1,내용2,,,
text_2,Brand Story,"결혼식은 두 사람의 결혼 관계를 사회적으로 공인하는 역할을 하는 예식으로 어느 정도 정형화된 형식으로 결혼식을 진행한다. 그러나 지금은 개성 세대인 MZ답게 커플 한 쌍 한 쌍, 저마다 개성 있는 결혼을 준비한다. 개성있는 결혼식을 찾는 많은 커플을 위한 개성있는 전통 혼례 브랜드.",,,
image,test1.jpg,,,,
text_1,Brand Vision & Mission,,,,
image,test2.jpg,,,,
text_2,Brand Essence,"새로운 New,
새 것 / 이전 것과 다른 / 잘 모르던·익숙하지 않아 / 방금 시작되었거나 다시 시작된 등",,,
text_1,Brand Core Value,,,,
image,test3.jpg,,,,
text_2,Brand Target,정형화 된 결혼식이 아닌 색다르고 개성 있는 결혼식을 원하는 결혼을 앞둔 커플,,,
text_1,Outcome,,,,
image,test4.jpg,,,,
image,test5.jpg,,,,