프로젝트 기본 정보,,,,참여자(이름),조재희
수업분류,Visual Project,,,참여자(학번),2018286059
"태그
(선택지에서만 고를것)",표기되는 태그 (필수),,숨겨진 태그 (선택),,
,Graphic,,,,
프로젝트 타이틀,The Plant Manifeto,,,,
슬로건,,,,,
상세설명,"<The Plant's Manifesto>는 인간이 자연(식물)을 바라보는 이기적인 시각을 비판하고자 진행한 가상 시나리오 프로젝트이다. 2086년을 배경으로, 인간의 욕심과 이기심으로 끝내 망가진 생태계를 그려내며 인간과 식물(자연)의 관계성에 대한 비판적 시각을 풀어낸 작업이다. ",,,,
프로젝트 상세페이지 구성,,,,,
종류,내용1,내용2,,,
image,로고,,,,
text_2,프로젝트 소개,,,,
image,프로젝트 구조,,,,
image,작업 전시 사진,,,,
image,편집물 사진,,,,
image,오브제 사진,,,,
youtube,영상,,,,