프로젝트 기본 정보,,,,참여자(이름),정유진
수업분류,Visual Project,,,참여자(학번),2022820108
"태그
(선택지에서만 고를것)",표기되는 태그 (필수),,숨겨진 태그 (선택),,
,Graphic,,Editorial,,
프로젝트 타이틀,낭만을 상실한 세대,,,,
슬로건,현 세대에서 추구해야 할 낭만에 대하여,,,,
상세설명,"현대 사회에는 과거에 비해 많은 것이 변화했다. 
기술의 발전, 급격한 도시화, 디지털 문화의 발달은 인간의 삶에 큰 변화를 가져왔다. 
편지에서 문자로, 문자에서 메신저로, 복잡함과 번거로움이 점차 편리함으로 변화했다. 
번거로움 대신 자리잡은 이 편리함은 종종 인간의 꿈과 소망을 집어삼켰다. 
꿈이 없는 세대, 여유가 없어 분노만이 가득 찬 세대, 대화와 소통이 단절된 세대. 
나는 이러한 현 세대를 '낭만을 상실한 세대'라 칭하고자 한다.",,,,
프로젝트 상세페이지 구성,,,,,
종류,내용1,내용2,,,
text_1,Project Background,,,,
image,Project Background.jpg,,,,
text_1,Project Process,,,,
image,Project Process.jpg,,,,
text_1,outcome,,,,
image,outcome.jpg,,,,