프로젝트 기본 정보,,,,참여자(이름),김건우
수업분류,Visual Project,,,참여자(학번),2018286006
"태그
(선택지에서만 고를것)",표기되는 태그 (필수),,숨겨진 태그 (선택),,
,Graphic,,Motion,,
프로젝트 타이틀,맥거핀 트릴로지,,,,
슬로건,인생은 편집없는 영화와 같다.,,,,
"상세설명
(공백포함 200자 이내)","맥거핀 트릴로지는 세편의 그래픽 필름으로 구성된 영화 시리즈입니다. 이는 관객의 시선을 사로잡고 무언의 압박으로 전개를 이끌어가다 자연스레 사장되는 ‘맥거핀’ 기법과 더불어 여러 영화적 요소들을 삶에 비유하여 여러 메세지를 전달합니다. 이를 통해 주체적인 삶의 동력과 진정한 행복 및 삶의 본질을 잃어버린 사람들에게 더 나은 내일을 위한 지침을 공유하고자 합니다. 
",,,,
프로젝트 상세페이지 구성,,,,,
종류,내용1,내용2,,,
vimeo,872268368,,,,
vimeo,872272664,,,,
text_2,Project Background,설명,,,
image,test1.jpg,,,,
text_2,Outcome,,,,
image,test2.jpg,,,,