프로젝트 기본 정보,,,,참여자(이름),김해정
수업분류,Visual Project,,,참여자(학번),2020820022
"태그
(선택지에서만 고를것)",표기되는 태그 (필수),,숨겨진 태그 (선택),,
,Editorial,,Graphic,,
프로젝트 타이틀,인간관찰: 구겨지고 접히고 가려진 사람들,,,,
슬로건,아는 관찰을 따라가지 마시오,,,,
상세설명,"깊지 않은 인간관계에서 타인과 교류가 생겼을 때 개인은 보통 상대방의 단편적인 부분을 본다. 이 단편적인 부분이 긍정적이라면 그리 큰 문제는 되지 않지만, 부정적일 경우 상대방에 대해 편견을 갖고 더이상 상대방의 다른 모습, 즉 복합적인 모습을 보지 않으려고 하는 사람들이 존재한다. 프로젝트를 통해 대상을 단편에서 복합적으로까지 관찰하는 과정을 시각화하고자 하였다. 인간이 구겨지는 과정을 통해 인간관찰의 중요성을 대중에게 전달하고자 하였다. 따라서 프로젝트는 인간을 관찰하는 방법을 제시하고 다양한 매체를 통해 그것의 중요성을 호소한다.",,,,
프로젝트 상세페이지 구성,,,,,
종류,내용1,내용2,,,
text_1,Project Background,,,,
image,VPbackground,,,,
text_1,Process,,,,
image,VPprocess,,,,
text_1,Outcome,,,,
image,VPoutcome,,,,
youtube,56r7AA6Y6Is,,,,
link, Behance Link,https://www.behance.net/cyclone7531ea9,,,