프로젝트 기본 정보,,,,참여자(이름),진의진
수업분류,Visual Project,,,참여자(학번),2020820083
"태그
(선택지에서만 고를것)",표기되는 태그 (필수),,숨겨진 태그 (선택),,
,Graphic,,Editorial,,
프로젝트 타이틀,운동회: 사회적 춤추기,,,,
슬로건,우리는 운동한다. 그게 뭐가 됐든.,,,,
상세설명,"모든 것이 빨라진 현대 사회 속 개인은 굳이 운동하지 않아도 많은 것을 제자리에서 해결할 수 있게 되었다. 사회가 우리의 운동을 필요하지 않게 되더라도, 우리는 끊임없이 저마다의 운동성을 만들어낸다. 무기력과 비운동성, 그 속에서 새롭게 생겨나는 우리의 움직임은 어떤 의미를 지닐까. 우리의 새로운 움직임은 어떻게 잃어버린 운동성을 되찾을 수 있는가?",,,,
프로젝트 상세페이지 구성,,,,,
종류,내용1,내용2,,,
text_1,Background,,,,
image,image1.jpg,,,,
text_1,Outcome,,,,
image,image2.jpg,,,,