프로젝트 기본 정보,,,,참여자(이름),박세희
수업분류,Visual Project,,,참여자(학번),2022820101
"태그
(선택지에서만 고를것)",표기되는 태그 (필수),,숨겨진 태그 (선택),,
,Editorial,,Graphic,,
프로젝트 타이틀,Good or Not Good,,,,
슬로건,잃어버린 영혼의 언어를 찾아서,,,,
상세설명,"감정의 의식과 감정 언어를 확장하는 한 가지 방법은 자신의 감정에 대해 스스로 물어보는 것이다. 글을 쓰고, 읽는 것은 막연하게 머리로 떠올릴 때보다 좀 더 명료하게 한 발짝 떨어져서 볼 수 있는 행위이다. 익명으로 수집된 타인의 감정에 대한 텍스트는 솔직한 감정의 언어 집합체이며, 방문객은 감정의 언어를 읽어나가며 이유없이 끌리는 단어를 찾기도 하고, 잊고 있던 기억을 떠올리며 스스로의 감정에 집중하는 시간을 보낼 수 있다. 알 수 없는 답답함과 불안은 감정을 제대로 이해하지 못하는 불확실함에서 시작된다. 우리 삶의 행복을 위해 스스로의 감정을 잘 이해할 수 있도록 연습해보자. 감정을 제대로 ‘명명’했을 때, 숨이 확 트이는 해방감이 생각보다 빨리 당신을 찾아올지도 모르는 일이니…",,,,
프로젝트 상세페이지 구성,,,,,
종류,내용1,내용2,,,
text_1,"감정의 인식, 표현 불능",,,,