프로젝트 기본 정보,,,,참여자(이름),류승희
수업분류,Visual Project,,,참여자(학번),2019286019
"태그
(선택지에서만 고를것)",표기되는 태그 (필수),,숨겨진 태그 (선택),,
,Graphic,,Editorial,,
프로젝트 타이틀,WERO'AD,,,,
슬로건,청년들을 위한 '위로포비아'현상 타개 캠페인!,,,,
상세설명,"위로포비아'에서 벗어날 수 있는 길이 되어주는 이 프로젝트는 
현상을 burnout 할 수 있도록 시각적 매체와 물리적 경험을 통해 자극하고
캠페인을 통해 현상을 겪고있는 청년들이 본인들의 상황을 마주하는 동시에 
상황을 타개하면서 한층 더 성장할 수 있는 계기가 되어주고자 합니다.",,,,
프로젝트 상세페이지 구성,,,,,
종류,내용1,내용2,,,
text_2,Project Background,청년들을 위한 '위로포비아' 이겨내기 캠페인,,,
image,WEROAD01.jpg,,,,