프로젝트 기본 정보,,,,참여자(이름),김하늘
수업분류,Visual Project,,,참여자(학번),2020820021
"태그
(선택지에서만 고를것)",표기되는 태그 (필수),,숨겨진 태그 (선택),,
,Editorial,,Graphic,,
프로젝트 타이틀,CODE NAME: SPY,,,,
슬로건,"SPY, means of kindness",,,,
상세설명,"불친절했던 알바생들이 스파이의 명을 받아 '친절한 스파이'로서 고객을 다루는 임무를 수행합니다. 다양한 시나리오를 기반으로 한 미션과 임무들을 수행하면서 고객 대응의 스킬을 향상시킬 수 있으며, 현실에서도 적용할 수 있도록 과정들을 연습합니다.",,,,
프로젝트 상세페이지 구성,,,,,
종류,내용1,내용2,,,
image,image1.jpg,,,,
image,image2.jpg,,,,