프로젝트 기본 정보,,,,참여자(이름),이가영
수업분류,Visual Project,,,참여자(학번),2019286036
"태그
(선택지에서만 고를것)",표기되는 태그 (필수),,숨겨진 태그 (선택),,
,Editorial,,,,
프로젝트 타이틀,농부의 무른 포도,,,,
슬로건,내 손으로 너의 무른 향을 더욱 빛나게 할거란다. ,,,,
상세설명,"우리의 의지와는 상관 없이 가지고 태어난 모습과 환경과 당한 상처들이 존재한다. “이런 가정에서 태어나지 않았더라면, 이런 일을 겪지 않았더라면, 이런 성향이 아니었더라면.” 앞서 말한 세 가지를 포도의 ‘무른 알맹이’라고 표현 한다면, 세상을 살아가면서 조금씩 알게 되는 내 삶의 무른 부분에 비애를 품게 되지 않을까? 무른 알맹이가 나의 결점이라고 생각해서 완벽해 보이는 세상의 기준에 맞춰 무른 곳을 숨기며 지낼 때 꽤 오랫동안 상처가 짓눌려 곪아있는지도 모른다. 이 프로젝트는 우리의 의지와 별개로 주어진 각자의 인생 속에서 무른 곳을 썩게 방치 하거나 떼어서 버리는 것이 아니라, 발효 시켜서 그 포도만이 가질 수 있는 향을 내는 와인으로 새롭게 만드는 농부의 관점을 담은 프로젝트이다. 농부는 포도가 나기 전 씨를 뿌린 자이고, 싹이 난 새순 시절부터 열매가 된 지금까지 모든 과정을 지켜보고 있어서 포도에 벌레가 먹었을 때도, 한 알의 알맹이가 무르고 있다는 사실도 알고 있다. 자기 소유의 포도를 가꾸는 농부가 없더라면 무른 부분이 언젠가는 떼어질 결점으로 여겨질 수 있지만 무른 알맹이 마저 가치롭게 사용하기 원하는 농부의 존재를 믿고 의지 한다면 새로운 향기를 만들 농부가 일하는 것을 바라고 기대할 수 있지 않겠는가. ",,,,
프로젝트 상세페이지 구성,,,,,
종류,내용1,내용2,,,
image,test1.png,,,,
text_1,Project Background,,,,
image,test2.png,,,,
text_2,01 father's point of view,농부의 관점,,,
image,test3.png,,,,
text_2,02 the wounded grape kernels,"환경, 성향, 피해",,,
image,test1.png,,,,