프로젝트 기본 정보,,,,참여자(이름),이주영
수업분류,Visual Project,,,참여자(학번),2022820107
"태그
(선택지에서만 고를것)",표기되는 태그 (필수),,숨겨진 태그 (선택),,
,Graphic,,Graphic,,
프로젝트 타이틀,잃어버린 바다의 열대우림,,,,
슬로건,색을 빼앗긴 바다_A sea deprived of its color,,,,
상세설명,"환경문제에 있어 비교적 인지도가 낮고 잘 알려지지 않은 산호초의 역할과 산호초 파괴가 우리 생활에 어떤 영향을 미치는지 알리려합니다. 크게는 환경문제의 심각성을 알릴 수 있으며, 환경보호 활동의 적극적인 참여를 촉구합니다.",,,,
프로젝트 상세페이지 구성,,,,,
종류,내용1,내용2,,,
text_1,project background,,,,
image,test_1.jpg,,,,
text_2,outcome,,,,
image,test_2.jpg,,,,
image,test_3.jpg,,,,