프로젝트 기본 정보,,,,참여자(이름),염혜미
수업분류,Visual Project,,,참여자(학번),2018286070
"태그
(선택지에서만 고를것)",표기되는 태그 (필수),,숨겨진 태그 (선택),,
,Graphic,,Graphic,,
프로젝트 타이틀,우리의 소리를 찾아서,,,,
슬로건,잊혀져가는 우리의 민요를 찾다,,,,
"상세설명
(공백포함 200자 이내)","잊혀져가는 우리 민요를 오늘날의 방식, 새로운 방식의 그래픽으로 만들어내고 도출해냄으로써 민요에 대한 흥미를 다시금 느낄 수 있게한다.",,,,
,,,,,
종류,내용1,내용2,,,
vimeo,,,,,
youtube,,,,,
text_1,,,,,
image,,,,,
text_2,,,,,
image,,,,,
image,,,,,
link,,,,,
link,,,,,