프로젝트 기본 정보,,,,참여자(이름),김지은
수업분류,Visual Project,,,참여자(학번),2019286011
"태그
(선택지에서만 고를것)",표기되는 태그 (필수),,숨겨진 태그 (선택),,
,Illustration,,Illustration,,
프로젝트 타이틀,신녀무와 동굴,,,,
슬로건,"또 다른 나, 포도목걸이를 찾아서",,,,
상세설명,"우리는 종종 자신을 잃어버린 채 살아갑니다. 즉 자신의 정체성, 신념, 가치관 등을 놓치고 살아가고 있습니다. 신념을 잃었을 때 우리는 목적의식 없는 삶을 살아가게 됩니다. 우리는 이 문제를 꼬집고자 신념과 다르게 행동하는 '인지부조화' 라는 심리용어를 다룹니다. 인지부조화의 대표우화로 '여우와 신포도'가 있으며 이의 뒷이야기를 그려 판타지 우화집으로 엮었습니다. 우화 특유의 풍자와 상징적인 표현으로 어른들을 위한 그림책으로 자신을 돌아보도록 합니다.",,,,
,,,,,
종류,내용1,내용2,,,
text_1,Project Background,,,,
image,vp1.jpg,,,,
text_1,Project Process,,,,
image,vp2.jpg,,,,
image,vp3.jpg,,,,
text_1,Out Come,,,,
image,vp4.jpg,,,,
image,vp5.jpg,,,,