프로젝트 기본 정보,,,,참여자(이름),강효주
수업분류,Visual Project,,,참여자(학번),2019286002
"태그
(선택지에서만 고를것)",표기되는 태그 (필수),,숨겨진 태그 (선택),,
,Graphic,,3D,,
프로젝트 타이틀,To 2023,,,,
슬로건,From 2123,,,,
상세설명,미세먼지를 포함한 대기오염의 100년 뒤로부터 보내는 경고의 이미지들 직관적으로 제시하는 시각 이미지를 통해 익숙해져버린 대기오염에 대한 재인식을 사람들에게 전달한다.,,,,
프로젝트 상세페이지 구성,,,,,
종류,내용1,내용2,,,
text_1,Project background,,,,
image,image 1,,,,
text_2,Outcome,,,,
image,image 2,,,,