프로젝트 기본 정보,,,,참여자(이름),송가은
수업분류,Visual Project,,,참여자(학번),2020820037
"태그
(선택지에서만 고를것)",표기되는 태그 (필수),,숨겨진 태그 (선택),,
,Branding,,Illustration,,
프로젝트 타이틀,살짝꿍 새친구,,,,
슬로건,도시 숲에 살아가는 다양한 새들과 알아가기!,,,,
상세설명,살짝꿍 새친구는 새들을 알아갈 수 있는 도시 새 축제예요! 새들은 자연 속에서 살아가곤 하지만 환경이 변화하면서 우리가 살아가는 도시에서도 많이 볼 수 있게 되었죠. 살짝꿍 새친구에서는 다양한 새들과 가까워질 수 있고 새로운 친구들과 함께 살아갈 수 있는 방법도 알 수 있어요! 모두들 살짝꿍 새친구 축제에 참여해 보세요!,,,,
프로젝트 상세페이지 구성,,,,,
종류,내용1,내용2,,,
text_1,Project Background,,,,
image,bf1.jpg,,,,
text_1,Project Process,,,,
image,bf2.jpg,,,,
text_1,Outcome,,,,
image,bf3.jpg,,,,