프로젝트 기본 정보,,,,참여자(이름),허준
수업분류,Visual Project,,,참여자(학번),2018286066
"태그
(선택지에서만 고를것)",표기되는 태그 (필수),,숨겨진 태그 (선택),,
,Graphic,,,,
프로젝트 타이틀,TeTRAFORD FRIENSHIP,,,,
슬로건,나는 대한민국을 살아가는 극단적 이기주의자이다.,,,,
상세설명,"테트라포드 프렌드십은 더 나은 삶과, 균형 잡힌 사회를 위한 대안적 관계 모델이다. 프로젝트는 과열 경쟁과 개인 중심의 사회에 반하여 공동체적 삶과 사회를 위한 방법은 어디에서 비롯되는가에 대한 질문의 답을 제시한다.",,,,
프로젝트 상세페이지 구성,,,,,
종류,내용1,내용2,,,
text_1,Project Background,,,,
text_2,과열 경쟁의 리바이어던 : 콘크리트 정글,과열 경쟁과 개인 중심의 사회는 공동체적 삶을 뺏어가고 개인의 안녕을 중시함으로써 공동체적 유대관계가 무너지고 존중받지 못하게 되었다. 프로젝트는이러한 사회에서 벗어나 새로운 대안 관계를 제시한다.,,,
image,BG_1,,,,
text_1,Project Process,,,,
text_2,테트라포드 메커니즘,테트라포드 프렌드십 메커니즘을 통해 이상적 프렌드십의 가치를 구현한다.,,,
image,PR_1,,,,
text_1,Project Flow,,,,
text_2,메커니즘의 구조와 플로우,리서치를 통해 도출된 플로우를 아래와 같이 도식화한다.,,,
image,FL_1,,,,
text_1,Outcome,,,,
text_2,Poster,디지털의 시각적 이미지는 관람자에게 있어 매력적인 정보로 치환된다. 테트라포드 프렌드십의 비주얼에는 종합적인 이미지들이 모여 다양한 이야기를 대변한다. 선과 악이 누구인가 결정짓고 구분 짓는 것은 프로젝트의 가장 첫 수순이다.,,,
image,OUT_1,,,,
text_2,Diagnosis,"‘본인은 과연 이기적인가’라는 물음은 당연한 사고의 결과다. 아마도, 그 원초적 물음은 곧 내가 이기적이지만은 않다는 답으로 돌아온다. 하지만 테트라포드 프렌드십의 프로젝트에서 말하는 극단적 이기주의는 삶 속에 스며들어있는 매우 자연스러운 현상이며 찾아온 일종의 신드롬이다. ",,,
image,OUT_2,,,,
text_2,Bible,"프로젝트에서 가장 중요시되는 ‘수행의 단계’는 이상적 대안 관계의 해결책이다.
직접 움직이고 깨닫는 과정을 통해 우리는 처음 가졌던 이기적인 자아에 대해 길을 그리고 찾아 나간다. 바이블이라는 1차원적 특성은 우리를 탈피 가능한 구체적 실청 방안으로 이끌어준다.",,,
image,OUT_3,,,,
text_2,Video,"내재되어 있는 인간의 이기심을 보여준다. 이기심이라는 것은 후천적으로 학습하는 것이 아닌, 태생적으로 갖고 태어나는 원초적 본능이다.",,,
youtube,DZvEJYuIlCM?si=1FjdYWKeJmmpG-n4,,,,