프로젝트 기본 정보,,,,참여자(이름),허진
수업분류,Visual Project,,,참여자(학번),2022820109
"태그
(선택지에서만 고를것)",표기되는 태그 (필수),,숨겨진 태그 (선택),,
,3D,,Graphic,,
프로젝트 타이틀,공상,,,,
슬로건,"모든 살아있는 것을 사랑하고
자신의 길을 묵묵히 걸어가라",,,,
상세설명,"윤동주 시인의 시집을 현대적으로 재해석한 프로젝트.
'자아와 고독', '사회와 역사' 그리고 '사랑과 아름다움' 3가지 공간으로 가상 전시 공간을 기획하여
시인이 전달하고자 했던 메지를 시지각적으로 표현했다.",,,,
프로젝트 상세페이지 구성,,,,,
종류,내용1,내용2,,,
youtube,watch?v=gBHFFjtBpKU&list=RDCLAK5uy_lS4dqGRHszluFAbLsV-sHJCqULtBm2Gfw,,,,
text_1,Exhibition,,,,
image,detail_page1.png,,,,
image,detail_page2.png,,,,
text_2,Exhibition Goods,,,,
image,detail_page2.png,,,,
text_2,Work Process,,,,
image,detail_page3.png,,,,