프로젝트 기본 정보,,,,참여자(이름),이승미
수업분류,Visual Project,,,참여자(학번),2019286039
"태그
(선택지에서만 고를것)",표기되는 태그 (필수),,숨겨진 태그 (선택),,
,Graphic,,,,
프로젝트 타이틀,루프 Loupe,,,,
슬로건,Find your taste,,,,
상세설명,"루프는 소비자의  취향을 찾게끔 길잡이가 되어주고 나의 기호에 집중하게끔 돕는 인테리어 오브제 매거진입니다.
루프(Loupe)는 돋보기, 확대경이란 뜻으로, 많은 제품들 사이에서 반짝이는 내 취향을 찾아내는 모습을 나타냅니다.",,,,
프로젝트 상세페이지 구성,,,,,
종류,내용1,내용2,,,