프로젝트 기본 정보,,,,참여자(이름),류채윤
수업분류,Visual Project,,,참여자(학번),2022820098
"태그
(선택지에서만 고를것)",표기되는 태그 (필수),,숨겨진 태그 (선택),,
,Branding,,Graphic,,
프로젝트 타이틀,별숲프로젝트,,,,
슬로건,별을 빼앗긴 도시,,,,
상세설명,"서울 별숲 프로젝트는 빛공해로 인해 어두운 밤하늘이 흐릿해지는 문제를 인식하고, 이를 개선하고 보호하기 위한 노력을 기반으로 시작된 프로젝트입니다. 이 프로젝트는 밤하늘이 다시 별들로 덮이고, 마치 무성한 숲처럼 아름다워질 수 있도록 노력하고 있습니다.",,,,
프로젝트 상세페이지 구성,,,,,
종류,내용1,내용2,,,
text_1,Project Background,,,,
image,test1,,,,
text_1,Project Process,,,,
image,test2,,,,
text_1,Outcome,,,,
image,test3,,,,