프로젝트 기본 정보,,,,참여자(이름),김경민,유예진
수업분류,,,,참여자(학번),2019286006,2019286035
"태그
(선택지에서만 고를것)",표기되는 태그 (필수),,숨겨진 태그 (선택),,,
,Graphic,,Branding,,,
프로젝트 타이틀,9X5를 얕보지 마세요',,,,,
슬로건,名銜 만들어 드립니다,,,,,
상세설명,"""9x5를 얕보지 마세요! : 꿈 명함 흥신소는 의뢰인들의 꿈을 '명함'이라는 연결체를 통해 실물화를 하여 본인들의 꿈이 적힌 종이를 보며 동기부여를 얻게 한다.",,,,,
프로젝트 상세페이지 구성,,,,,,
종류,내용1,내용2,,,,
image,test1.png,,,,,
youtube,MKPK6QvwgNw,,,,,
link,9X5를 얕보지 마세요,https://dontignore95.cargo.site/,,,,
text_1,명함들,,,,,
image,namecard.png,,,,,
text_2,vp_dontignoreninexfive,,,,,