프로젝트 기본 정보,,,,참여자(이름),김지민,이은호
수업분류,Visual Project,,,참여자(학번),2020820019,2020820056
"태그
(선택지에서만 고를것)",표기되는 태그 (필수),,숨겨진 태그 (선택),,,
,Graphic,,Graphic,,,
프로젝트 타이틀,Let's F2F,,,,,
슬로건,Let's F2F Challenge!,,,,,
"상세설명
(공백포함 200자 이내)","Z세대의 메신저 사용 증가로 대면 대화가 줄어들어 오프라인 소통을 하지 않으려 애쓰고, 온라인 소통으로 쉽게 인간관계를 형성하기 때문에 인간관계에 대해 가볍게 생각하게 된다는 문제점이 있습니다.
이를 해결하고자 30일 간의 챌린지를 통해 사람들에게 ‘오프라인 소통의 중요성’과 ‘대화를 할 때 활용할 수 있는 팁들’을 알려주고자 합니다. 
",,,,,
프로젝트 상세페이지 구성,,,,,,
종류,내용1,내용2,,,,
image,Image1.jpg,,,,,
text_2,Project Background,설명,,,,
image,Image2.jpg,,,,,
text_2,LET'S F2F,설명,,,,
image,Image3.jpg,,,,,
text_1,Challenge Identity,,,,,
image,Image4.jpg,,,,,
image,Image5.gif,,,,,
text_2,30day Challenge,설명,,,,
image,Image6.jpg,,,,,
image,Image7.gif,,,,,
text_2,Outcome,설명,,,,
image,Image8.jpg,,,,,
text_2,Poster,설명,,,,
image,Image9.jpg,,,,,