프로젝트 기본 정보,,,,참여자(이름),강성훈,조승우
수업분류,Visual Project,,,참여자(학번),2018286001,2018286058
"태그
(선택지에서만 고를것)",표기되는 태그 (필수),,숨겨진 태그 (선택),,,
,Graphic,,Editorial,,,
프로젝트 타이틀,비폭력언어투쟁조합,,,,,
슬로건,언어는 존재의 집이다.,,,,,
상세설명,"현재 중국에서 티베트어와 위구르어 등 소수 민족언어를 학교에서 교육하지 못하게 하는 정책을 시행하고 있습니다.이에 소수민족들의 거센 반발이 이어지고 있고 이러한 소수민족의 언어에 대해 알리고 조명하는 단체인 비폭력언어투쟁조합을 설립해 수직적 물리적 언어의 침략을 비판하고 민족의 가치와 정체성을 조명합니다.",,,,,
프로젝트 상세페이지 구성,,,,,,
종류,내용1,내용2,,,,
youtube,sCGyW9g3plc?si=K76iH9sDpvvRqd7q,,,,,
image,image.jpg,,,,,